truth,noise,nser,method,complexity,te_rmse_vs_truth,ex_rmse_vs_truth
inlib,2.0,6,distill,33.0,0.67,1.05
inlib,2.0,6,distill+aug,40.0,1.22,3.25
inlib,2.0,6,labels,55.0,0.67,1.09
inlib,2.0,6,xgb_teacher,,3.78,29.81
inlib,2.0,15,distill,75.0,0.38,0.74
inlib,2.0,15,distill+aug,91.0,1.08,2.2
inlib,2.0,15,labels,63.0,0.37,0.8
inlib,2.0,15,xgb_teacher,,3.57,21.41
inlib,2.0,40,distill,46.0,0.26,0.42
inlib,2.0,40,distill+aug,70.0,0.89,1.82
inlib,2.0,40,labels,39.0,0.22,0.36
inlib,2.0,40,xgb_teacher,,1.9,19.5
inlib,8.0,6,distill,21.0,1.94,3.24
inlib,8.0,6,distill+aug,17.0,1.81,4.56
inlib,8.0,6,labels,21.0,1.94,3.15
inlib,8.0,6,xgb_teacher,,6.68,23.45
inlib,8.0,15,distill,31.0,1.34,2.7
inlib,8.0,15,distill+aug,43.0,1.29,3.53
inlib,8.0,15,labels,31.0,1.37,2.69
inlib,8.0,15,xgb_teacher,,4.34,22.37
inlib,8.0,40,distill,28.0,0.91,1.62
inlib,8.0,40,distill+aug,33.0,0.97,2.11
inlib,8.0,40,labels,36.0,0.85,2.22
inlib,8.0,40,xgb_teacher,,3.46,20.92
inlib,20.0,6,distill,14.0,4.86,6.7
inlib,20.0,6,distill+aug,24.0,4.9,7.49
inlib,20.0,6,labels,11.0,4.85,6.7
inlib,20.0,6,xgb_teacher,,12.33,25.23
inlib,20.0,15,distill,14.0,4.42,6.27
inlib,20.0,15,distill+aug,20.0,3.79,6.47
inlib,20.0,15,labels,14.0,4.4,6.29
inlib,20.0,15,xgb_teacher,,10.16,21.06
inlib,20.0,40,distill,20.0,2.39,3.77
inlib,20.0,40,distill+aug,25.0,2.49,4.3
inlib,20.0,40,labels,25.0,2.49,3.85
inlib,20.0,40,xgb_teacher,,8.31,15.26
misspec,2.0,6,distill,155.0,3.5,48.89
misspec,2.0,6,distill+aug,74.0,4.86,7.75
misspec,2.0,6,labels,155.0,3.51,12.16
misspec,2.0,6,xgb_teacher,,8.42,17.09
misspec,2.0,15,distill,179.0,4.09,10.32
misspec,2.0,15,distill+aug,71.0,5.26,7.26
misspec,2.0,15,labels,162.0,3.9,9.93
misspec,2.0,15,xgb_teacher,,6.23,11.51
misspec,2.0,40,distill,168.0,4.15,6.33
misspec,2.0,40,distill+aug,175.0,5.16,7.1
misspec,2.0,40,labels,167.0,3.98,7.46
misspec,2.0,40,xgb_teacher,,5.78,9.89
misspec,8.0,6,distill,70.0,5.47,15.8
misspec,8.0,6,distill+aug,74.0,6.86,9.66
misspec,8.0,6,labels,70.0,5.38,9.55
misspec,8.0,6,xgb_teacher,,10.35,19.3
misspec,8.0,15,distill,180.0,6.08,8.57
misspec,8.0,15,distill+aug,81.0,7.27,8.62
misspec,8.0,15,labels,99.0,6.23,9.03
misspec,8.0,15,xgb_teacher,,10.14,12.5
misspec,8.0,40,distill,191.0,6.22,8.31
misspec,8.0,40,distill+aug,243.0,7.06,7.82
misspec,8.0,40,labels,169.0,6.05,10.41
misspec,8.0,40,xgb_teacher,,7.49,11.0
misspec,20.0,6,distill,22.0,11.53,13.92
misspec,20.0,6,distill+aug,34.0,12.07,14.5
misspec,20.0,6,labels,26.0,11.74,13.94
misspec,20.0,6,xgb_teacher,,16.18,24.9
misspec,20.0,15,distill,39.0,9.97,11.19
misspec,20.0,15,distill+aug,147.0,10.77,11.29
misspec,20.0,15,labels,39.0,9.92,11.34
misspec,20.0,15,xgb_teacher,,14.08,16.99
misspec,20.0,40,distill,122.0,9.12,10.26
misspec,20.0,40,distill+aug,126.0,9.83,10.34
misspec,20.0,40,labels,113.0,9.84,10.55
misspec,20.0,40,xgb_teacher,,10.96,12.87
