law,seed,method,nodes,in_r2,ex_r2
newton_grav,0,gp-raw[labels],6,1.0,1.0
newton_grav,0,gp-log[labels],6,1.0,1.0
newton_grav,0,gp-raw[teacher_queries],27,0.587688505977791,0.35808963247141534
newton_grav,0,gp-log[teacher_queries],15,0.5322860112021165,0.3263512687327682
newton_grav,1,gp-raw[labels],6,1.0,1.0
newton_grav,1,gp-log[labels],6,1.0,1.0
newton_grav,1,gp-raw[teacher_queries],80,0.5774283239106992,0.4377754556390041
newton_grav,1,gp-log[teacher_queries],22,0.525725211502712,0.3246928460960744
kinetic,0,gp-raw[labels],35,0.9992219758312852,0.9667995992805158
kinetic,0,gp-log[labels],6,0.9317140836198594,0.006123501741345461
kinetic,0,gp-raw[teacher_queries],42,0.8644471709767111,0.949443120536261
kinetic,0,gp-log[teacher_queries],5,0.9675836935863078,0.9560075531078654
kinetic,1,gp-raw[labels],25,0.9958208026879631,0.9676445366257658
kinetic,1,gp-log[labels],6,0.9673917455019713,0.1064660320983154
kinetic,1,gp-raw[teacher_queries],37,0.8739490601971924,0.8902541588570064
kinetic,1,gp-log[teacher_queries],12,0.9430228960675022,0.9356139659519573
ideal_gas,0,gp-raw[labels],6,1.0,1.0
ideal_gas,0,gp-log[labels],6,1.0,1.0
ideal_gas,0,gp-raw[teacher_queries],23,0.786727393740162,0.5887639414159482
ideal_gas,0,gp-log[teacher_queries],6,1.0,1.0
ideal_gas,1,gp-raw[labels],6,1.0,1.0
ideal_gas,1,gp-log[labels],6,1.0,1.0
ideal_gas,1,gp-raw[teacher_queries],47,0.7526441494751596,0.7238404978577757
ideal_gas,1,gp-log[teacher_queries],13,0.8709298031924808,0.8435752184861663
pendulum,0,gp-raw[labels],20,0.9840440413461832,0.9182025207179308
pendulum,0,gp-log[labels],8,0.9983476036988586,0.9981664042183162
pendulum,0,gp-raw[teacher_queries],24,0.8418766549481443,0.304045254231743
pendulum,0,gp-log[teacher_queries],25,0.7709106592136413,0.659039076572055
pendulum,1,gp-raw[labels],19,0.9901983660329495,0.9726018002965268
pendulum,1,gp-log[labels],8,0.9907841862668334,0.9839876198419408
pendulum,1,gp-raw[teacher_queries],31,0.8818409305147554,0.5743078594288197
pendulum,1,gp-log[teacher_queries],18,0.8991989734889854,0.8723406031474177
lens,0,gp-raw[labels],8,1.0,1.0
lens,0,gp-log[labels],4,0.9002038936069798,0.9756827385323541
lens,0,gp-raw[teacher_queries],11,0.9128939646353293,0.9517593489200142
lens,0,gp-log[teacher_queries],6,0.8642953803638905,0.1542402435727508
lens,1,gp-raw[labels],13,0.9712944584370687,0.9665533360075161
lens,1,gp-log[labels],12,0.879426972289058,0.2756341108395418
lens,1,gp-raw[teacher_queries],13,0.9373907478287559,0.9403682343679093
lens,1,gp-log[teacher_queries],4,0.8479842322225194,0.9387493912018269
relativistic,0,gp-raw[labels],5,0.9818812365642801,0.6518264897642116
relativistic,0,gp-log[labels],11,0.9969740194866167,-2.5824864856554756e+39
relativistic,0,gp-raw[teacher_queries],22,0.93888474711381,0.6636879844390127
relativistic,0,gp-log[teacher_queries],7,0.9521697327696014,0.7042250948429347
relativistic,1,gp-raw[labels],8,0.9967186258759176,0.8114720586930086
relativistic,1,gp-log[labels],20,0.9976834150135174,-1.2901608796840273e+39
relativistic,1,gp-raw[teacher_queries],16,0.9416493354650448,0.6835122938325207
relativistic,1,gp-log[teacher_queries],14,0.9671433385876795,-2429129539894287.5
gauss,0,gp-raw[labels],5,0.541290316346871,0.16752153660783142
gauss,0,gp-log[labels],5,0.4190805266957124,0.0158228048447826
gauss,0,gp-raw[teacher_queries],7,0.6609540677349368,0.4320895540045383
gauss,0,gp-log[teacher_queries],7,0.48528938555963064,0.24696664363062693
gauss,1,gp-raw[labels],5,0.5587125073131187,-0.013773443467754998
gauss,1,gp-log[labels],5,0.6232444816769509,0.11147636018914742
gauss,1,gp-raw[teacher_queries],5,0.6508828348710555,0.19509745857871263
gauss,1,gp-log[teacher_queries],7,0.6375696988377837,0.21974634833174067
damped_osc,0,gp-raw[labels],4,0.7783695804528877,0.6927906920423976
damped_osc,0,gp-raw[teacher_queries],4,0.771196931229486,0.6752696447793509
damped_osc,1,gp-raw[labels],20,0.9985064393103438,0.9831897980667668
damped_osc,1,gp-raw[teacher_queries],15,0.9992608244572544,0.9935405313490618
snell_ratio,0,gp-raw[labels],15,0.9016913873618146,0.6132856541730529
snell_ratio,0,gp-log[labels],7,0.9876745943418203,0.8685483445932098
snell_ratio,0,gp-raw[teacher_queries],18,0.897137087017045,0.799214867217654
snell_ratio,0,gp-log[teacher_queries],42,0.8776112124222833,0.5677433563129117
snell_ratio,1,gp-raw[labels],7,1.0,1.0
snell_ratio,1,gp-log[labels],6,0.9763002674052481,0.8509632831916365
snell_ratio,1,gp-raw[teacher_queries],6,0.9383828287538816,0.7271798917670462
snell_ratio,1,gp-log[teacher_queries],14,0.6608150872255705,-0.09788986190385685
