trial,type,task,model_score,formula_score,fidelity,nodes,secs,formula,extrap_r2
t05_binary_guard_export,physical_law,gravity,0.9966490128275362,1.0,0.9966047019391155,6,40.0,m1*m2/r**2,1.0
t05_binary_guard_export,physical_law,gravity,0.9966490128275362,1.0,0.9966047019391155,6,39.8,m1*m2/r**2,1.0
t05_binary_guard_export,physical_law,pendulum,0.9958104605705146,0.9988622101978025,0.9950708516652573,8,60.9,6.5*L**0.47369/g**0.50153,0.9986998031249884
t05_binary_guard_export,physical_law,lens,0.9956250876718578,0.9951373933185584,0.9965210677576469,18,62.3,3.0*(sin(0.04458*u*v) + cos(0.09678*v))*cos(0.08247*u) - 2.4618,0.8320976291880012
t05_binary_guard_export,physical_law,rc_decay,0.9950251954535512,0.9971945361099415,0.9926068952606166,15,40.5,-6.0*log(sin(0.352*t/R))*sin(sin(0.05791*V0)),0.9940582427052592
t05_binary_guard_export,tabular_regression,diabetes,0.43097261226806705,0.4139321743918445,0.952068934907802,22,59.2,5.519*bmi + 1.1862*bp + 0.078629*s1*sex*log(0.07708*sex) + 4.6173*s4 + 55.472*s5 - 334.0
t05_binary_guard_export,tabular_regression,boston,0.8953991642031711,0.7584880504437828,0.9092294387506945,22,60.5,-0.76064*age**0.5 - 12.433*nox - 0.33628*ptratio*log(lstat) + 4.1403*rm - 5.557*log(dis) + 31.5
t05_binary_guard_export,tabular_regression,auto_mpg,0.8884555226485543,0.8248601295741318,0.9506065717257123,25,20.5,0.75298*model_year - 0.75859*(1.7382*log(horsepower)**0.5 + 0.93578*log(weight))**2 + 57.5 + 40.298/acceleration
t05_binary_guard_export,forecasting,airline,0.3802712086810286,0.8401656795191291,0.44299701653081613,8,18.1,0.20635*l1 + 0.75695*l12 + 30.0
t05_binary_guard_export,forecasting,carsales,0.6643401950398398,0.733224031570877,0.866333818007931,27,17.5,2427.3*(0.1364*l1 + 0.94765*l12 + 0.05047*l2)**0.5/log(l12) + 600.5*sin(pi*month/6) - 16903.0
t05_binary_guard_export,forecasting,robberies,-0.5881644085175051,-0.7955218253984011,-0.06477448337484115,20,20.3,120.5*log(-0.001958*(-1.344*l1 - 34.67*l1/l2 - 1.432*l2)*log(l12))
t05_binary_guard_export,forecasting,meantemp,0.881166515938932,0.9205853492900391,0.9657824520112328,31,19.7,-2.9622*(-0.065895*l12 + 0.29631*cos(pi*month/6) + 2.0806*(0.30935*l1 - 0.13584*l2 - 8.5*log(l1))/l12)*log(l1)
t05_binary_guard_export,forecasting,co2,0.5846797249855262,0.9516229922396661,0.004795860274187214,10,17.7,0.15531*l1 + 0.030049*l12**1.5 + 100.0
t05_binary_guard_export,classification,titanic,0.8858277676583688,0.8803126897389193,0.9338660409857614,37,19.2,1/(exp(0.2894*sqrt(age) + 0.1552*pclass*(0.5983*sqrt(age) + 1.257*sibsp) - 0.8328*sqrt(log(fare + 1)) - 5*sex/pclass) + 1.0)
t05_binary_guard_export,classification,pima_diabetes,0.7550747863247863,0.7789351851851851,0.5166502327364337,32,19.4,1/(exp(-0.1119*BMI - 0.114*sqrt(BloodPressure) - 0.04395*DiabetesPedigreeFunction*SkinThickness - 0.06032*Glucose + 0.06588*sqrt(Insulin) - 0.02427*Pregnancies**2 + 27/2) + 1.0)
t05_binary_guard_export,classification,breast_cancer,0.9922619047619047,0.9928571428571429,0.984839958566753,36,25.0,1/(1.2479e-47*(-1.9963*worst_concave_points - 1.6754)**22*(-1.5889*mean_concave_points - 1.2616*mean_smoothness - 0.87343)**22*(1.0815*mean_radius + 1.7201*worst_radius + 0.86033*worst_texture)**22 + 1.0)
t05_binary_guard_export,classification,penguins,1.0,0.9987468671679198,0.9486378436669409,25,45.1,1/(exp(5.715*log(bill_length_mm)*sin(0.8635*log(flipper_length_mm) + 3.963*log(body_mass_g)/log(bill_length_mm)) - 23/2) + 1.0)
t06_fidelity_first,physical_law,gravity,0.9966490128275362,1.0,0.9966047019391155,6,41.7,m1*m2/r**2,1.0
t06_fidelity_first,physical_law,pendulum,0.9958104605705146,0.9988622101978025,0.9950708516652573,8,61.7,6.5*L**0.47369/g**0.50153,0.9986998031249884
t06_fidelity_first,physical_law,lens,0.9956250876718578,0.9906688369660925,0.9925248909996279,15,66.4,0.5*u**0.41401*v**0.41547*exp(0.1192*log(u)*log(v)),0.9641396361683698
t06_fidelity_first,physical_law,rc_decay,0.9950251954535512,0.9972711866898863,0.9923521019570094,11,41.0,-0.34172*V0*log(sin(0.352*t/R)),0.9938018439209373
t06_fidelity_first,tabular_regression,diabetes,0.43097261226806705,0.41669837402542587,0.9571904347843094,37,65.4,16.195*(s5**0.49767 - log(0.2147*log(s1)))*log(bmi)*log(bp) - 18.204*log(s3) + 28.192*log(s6) - 26.883*log(sex) - 393.0*cos(0.1843*log(s4))
t06_fidelity_first,tabular_regression,boston,0.8953991642031711,0.7649545501020962,0.9109651484606557,22,59.4,-0.053817*age - 12.45*nox - 0.68203*ptratio + 4.1079*rm - 5.5807*log(dis) - 6.4667*log(lstat) + 42.5
t06_fidelity_first,tabular_regression,auto_mpg,0.8884555226485543,0.8354543587922546,0.9607147242359069,49,18.7,0.75174*model_year - 1.1761*(origin - 3.0)*(origin - 1.0) - 0.7653*(1.7422*log(horsepower)**0.5 + 0.93169*log(weight))**2 + 58.5 + 2.7304*(0.70547*displacement**0.5 + 7.7504*(0.5*origin - 0.5)*(origin - 2.0))/acceleration
t06_fidelity_first,forecasting,airline,0.3802712086810286,0.8401656795191291,0.44299701653081613,8,19.4,0.20635*l1 + 0.75695*l12 + 30.0
t06_fidelity_first,forecasting,carsales,0.6643401950398398,0.7404997128567459,0.8715394152254154,27,21.4,31.198*(13.754*l1 + 2.8985*l12*sin(pi*month/6) + 41.704*l12 + 3.097*l2)**0.5 - 1381.5*log(l1)
t06_fidelity_first,forecasting,robberies,-0.5881644085175051,-0.7955218253984011,-0.06477448337484115,20,20.9,120.5*log(-0.001958*(-1.344*l1 - 34.67*l1/l2 - 1.432*l2)*log(l12))
t06_fidelity_first,forecasting,meantemp,0.881166515938932,0.9206916118768873,0.9694957557088529,41,21.3,-2.6651*(-0.34986*l12 + 1.2876*cos(pi*month/6) + (0.65109*l1 - 0.30566*l2 - 9.5*log(l1))/(0.61488*l12 - 3.7864*log(l1)))*log(l1)/log(l12)
t06_fidelity_first,forecasting,co2,0.5846797249855262,0.9182816818272592,-0.20189084354388842,7,19.4,0.16455*l1 + 0.83947*l12
t06_fidelity_first,classification,titanic,0.8858277676583688,0.8844616474397895,0.9379487076606343,40,21.1,1/(exp(0.2445*sqrt(age) + 0.0986*pclass*(1.142*sqrt(age) + 1.981*sibsp) - 0.5838*sex - 0.8266*sqrt(log(fare + 1)) - 4*sex/pclass) + 1.0)
t06_fidelity_first,classification,pima_diabetes,0.7550747863247863,0.7789351851851851,0.5166502327364337,32,20.2,1/(exp(-0.1119*BMI - 0.114*sqrt(BloodPressure) - 0.04395*DiabetesPedigreeFunction*SkinThickness - 0.06032*Glucose + 0.06588*sqrt(Insulin) - 0.02427*Pregnancies**2 + 27/2) + 1.0)
t06_fidelity_first,classification,breast_cancer,0.9922619047619047,0.9928571428571429,0.9847246782861834,36,25.1,1/(1.2479e-47*(-1.9565*worst_concave_points - 1.642)**22*(-1.5934*mean_concave_points - 1.2652*mean_smoothness - 0.87592)**22*(1.1003*mean_radius + 1.75*worst_radius + 0.87531*worst_texture)**22 + 1.0)
t06_fidelity_first,classification,penguins,1.0,1.0,0.98898195467225,38,52.2,1/(1.0 + 5.6346e+6*exp(-8235*log(bill_length_mm)**4/((sin(0.9396*log(bill_depth_mm) - 1.682*log(body_mass_g)) - 2.047*log(body_mass_g)/log(bill_length_mm))**4*log(flipper_length_mm)**4)))
t07_capacity,tabular_regression,diabetes,0.43097261226806705,0.4212512489579071,0.9621148987971516,39,872.5,19.846*(4.7343*bmi*s5 + 4.7189*bp - 0.97749*s1 - 1.4044*s3 + 1.3116*s6 - 16.159*(-0.50307*s4 - 17.378)*(1.3486*s5 - 0.97749*sex)**0.5)**0.5 - 633.5
t07_capacity,tabular_regression,boston,0.8953991642031711,0.7968020410497091,0.926813405424063,47,852.9,33.5*exp(0.1129*rm)/(dis**0.15594*lstat**0.19674) + 0.90142*nox*(-0.045485*age - 2.3672*log(crim + 1))*log(lstat) - 0.27642*ptratio*log(lstat) + 8.5111*log(lstat) + 9.7092*sin(0.4233*log(crim + 1)) - 17.71
t07_capacity,tabular_regression,auto_mpg,0.8884555226485543,0.8505409305595458,0.9725455826605558,54,280.0,-47.802*(0.080226*(origin - 3.0)*(origin - 1.0) + 0.47975*log(horsepower) + 1.1033*log(weight))*log(log(-1135.0*displacement + (36.23*model_year - 147.8*(origin/2 - 1/2)*(origin - 2) - 7522/log(10.47*acceleration))**2))/model_year**0.5 + 181.8
t07_capacity,classification,titanic,0.8858277676583688,0.8705980570734669,0.9563054548362702,50,285.5,1/(exp(0.03849*age - sibsp/2 - 0.2693*(0.3892*sqrt(age) + 5.04*sex + 0.7207*sibsp)*(-1.015*pclass + 3.015*sex - 0.3337*sibsp) + 0.001368*log(fare + 1)**4)/(fare + 1.0)**0.44434 + 1.0)
t07_capacity,classification,pima_diabetes,0.7550747863247863,0.7813390313390313,0.5801360006307972,51,287.4,1/(2.0383e+34/(-0.023221*Age*Pregnancies**2 + 1.8255*BMI + 0.19727*BloodPressure + 10.916*DiabetesPedigreeFunction**2 + 1.227*Glucose + 1.2563*Pregnancies**2 + 0.32853*SkinThickness + 28.062 - 1.2515*(5.9651*Glucose + 1.2841*Insulin)/Age)**14.302 + 1.0)
t07_capacity,classification,breast_cancer,0.9922619047619047,0.9925595238095238,0.9829122811266047,54,290.2,1/(3.2453e-16*(worst_texture*(0.087021*mean_radius + (1.5992*mean_concavity + 0.2682)**0.5)*((4.1365*mean_concave_points + 0.043519*worst_radius)*(4.6094*worst_concave_points + 0.043519*worst_radius)*exp(4*mean_smoothness) + 0.21729/(4.6094*worst_concave_points + 0.043519*worst_radius)))**7.9648 + 1.0)
t07_capacity,classification,penguins,1.0,1.0,0.9854652271672265,49,544.8,1/(0.25156*exp(3.576*(2.389 - 0.3931*log(body_mass_g))*log(bill_length_mm)*sin(sin(1.476*log(flipper_length_mm) + 6.651*log(body_mass_g)/log(bill_length_mm))) + 1.698*sin(59*log(bill_depth_mm)/(2*log(bill_length_mm)) - 3.28*log(flipper_length_mm))) + 1.0)
t08_additive,tabular_regression,diabetes,0.43097261226806705,0.44376082995983057,0.9608020680537811,66,203.5,-0.0030346*s3**2 + 4.4612*s4 + 1.002e-7*s6**4 - 18.552*sex + 2817.4*exp(-0.000358*s1)**0.25 - 382.39*exp(20.42*(1.881 - 1.129*s5)**2/s5**4) - 3861.3*log(log(0.6742*bmi))**0.5 + 4088.4*log(log(6.219*bmi)) - 51046.0 + 49828.0*exp(-0.07427*exp(-0.000358*bp))
t08_additive,tabular_regression,boston,0.8953991642031711,0.8257054240685127,0.9613708399967085,63,71.1,-0.054878*age - 6.2866*nox**2 - 0.40067*nox*rm*log(lstat)*log(crim + 1) - 0.010977*rm**4*log(0.08014*rm) - 5.6044*log(dis) - 5.2281*log(lstat) - 5.7911*log(7.087e-6*ptratio**2) - 0.61896*log(crim + 1)**2 + 5.4476*log(crim + 1) + 55788.0/tax**2
t08_additive,tabular_regression,auto_mpg,0.8884555226485543,0.83234048641392,0.9554460594706637,45,97.4,0.75097*model_year + 1.4162*(0.5*origin - 0.5)*(origin - 2.0) - 1.1466*(origin - 3.0)*(origin - 1.0) + 1673.3*(1/(27.92*log(horsepower) + 4.0415*log(weight)**2))**0.25 - 409.96*exp(0.0004645*acceleration)
t08_additive,classification,titanic,0.8858277676583688,0.8749999999999999,0.9749851041198089,66,37.4,1/(exp(0.08804*age + 1.253*sibsp - 8.147*(0.1746 - 0.02155*log(fare + 1))*((fare + 1)**(-2.648) + 1.065*log(fare + 1)) - 1.088*(0.2478*pclass**2 - 3.378)*(-0.01731*age - 1.293*sex - 0.233*sibsp + 0.7476) + 1.593*exp(-0.7048*sibsp) - 5.705*exp(-1.207*pclass)) + 1.0)
t08_additive,classification,pima_diabetes,0.7550747863247863,0.786769943019943,0.5010892104077246,60,111.1,1/(exp(0.003245*Age**2 - 0.2649*Age - 1.12*DiabetesPedigreeFunction - 0.06055*Glucose - 0.04453*Pregnancies**1.737 - 0.0003858*SkinThickness**2 - 39.08*exp(0.0007458*Insulin) + 0.002264*exp(10.16*exp(-1.59e-5*BloodPressure)) - 6.849*exp(-384.8/BMI**2))/exp(-0.0009488*Insulin)**39.081 + 1.0)
t08_additive,classification,breast_cancer,0.9922619047619047,0.5,-1.8158498441392186,70,481.1,1/(3.8681e-34*(2.1143*mean_concavity**2 + 0.0050886)**0.38834*(0.00017227*mean_radius + 0.25947)**581.39*exp(-0.0001194*mean_concave_points*mean_radius*mean_smoothness*worst_concave_points*worst_radius**2*worst_texture**2 + 221.7*exp(0.1255*mean_smoothness) + 42.37*exp(exp(exp(0.0206*mean_concave_points))) - 25.15*exp(-0.02117*worst_texture) - 8.03*exp(-18.53*worst_concave_points**2))/exp(-0.008577*worst_radius)**68.029 + 1.0)
t08_additive,classification,penguins,1.0,1.0,0.9675049949790694,65,16.7,1/(4.388e+94*exp(-3.185*(0.3217*bill_depth_mm - exp(0.08327*bill_depth_mm))*log(0.5732*bill_depth_mm) - 24.93*log(0.04555*bill_length_mm)**2 - 537.9*log(0.01465*body_mass_g)*log(0.07089*body_mass_g)/sqrt(body_mass_g) + 1.475e-7*body_mass_g*(-2.351e-8*bill_length_mm*flipper_length_mm**4 + 0.03317*flipper_length_mm**2)**2/bill_depth_mm**2) + 1.0)
