task,method,auc,acc,complexity,terms,fid_agree
moons+3noise,logreg,0.9203777777777777,0.8266666666666667,6.0,,
moons+3noise,teacher_xgb,0.969488888888889,0.9166666666666666,,,
moons+3noise,sparse<-xgb,0.9194666666666667,0.84,20.0,5.0,0.8666666666666667
moons+3noise,sparse<-xgb,0.9203333333333333,0.8333333333333334,13.0,3.0,0.8633333333333333
moons+3noise,gp<-xgb,0.9107222222222223,0.8166666666666667,21.0,,0.85
moons+3noise,teacher_mlp,0.9775555555555555,0.93,,,
moons+3noise,sparse<-mlp,0.9169222222222223,0.8366666666666667,74.0,18.0,0.8833333333333333
moons+3noise,gp<-mlp,0.978088888888889,0.9216666666666666,49.0,,0.9716666666666667
circles+3noise,logreg,0.4705222222222222,0.4683333333333333,6.0,,
circles+3noise,teacher_xgb,0.9988666666666666,0.9833333333333333,,,
circles+3noise,sparse<-xgb,0.9982666666666666,0.9766666666666667,50.0,12.0,0.9733333333333334
circles+3noise,gp<-xgb,0.9959555555555555,0.9716666666666667,132.0,,0.975
circles+3noise,teacher_mlp,0.9979111111111111,0.975,,,
circles+3noise,sparse<-mlp,0.9983444444444445,0.9666666666666667,77.0,19.0,0.965
circles+3noise,sparse<-mlp,0.9985777777777778,0.9683333333333334,26.0,6.0,0.9666666666666667
circles+3noise,gp<-mlp,0.9973333333333333,0.965,93.0,,0.9633333333333334
xor-quad(6d),logreg,0.4835895258948121,0.5033333333333333,7.0,,
xor-quad(6d),teacher_xgb,0.9241811519728316,0.845,,,
xor-quad(6d),sparse<-xgb,0.9345033290138076,0.8583333333333333,29.0,7.0,0.9066666666666666
xor-quad(6d),sparse<-xgb,0.9393404531033558,0.8683333333333333,14.0,3.0,0.92
xor-quad(6d),gp<-xgb,0.9497743420170696,0.8683333333333333,47.0,,0.9166666666666666
xor-quad(6d),teacher_mlp,0.9028776978417267,0.8233333333333334,,,
xor-quad(6d),sparse<-mlp,0.9477858706823361,0.8733333333333333,17.0,4.0,0.89
xor-quad(6d),sparse<-mlp,0.950008936949819,0.8816666666666667,14.0,3.0,0.8783333333333333
xor-quad(6d),gp<-mlp,0.922974663747263,0.8083333333333333,79.0,,0.8283333333333334
sin-abs-prod(8d),logreg,0.6692912284627432,0.7216666666666667,9.0,,
sin-abs-prod(8d),teacher_xgb,0.9338778250167823,0.8666666666666667,,,
sin-abs-prod(8d),sparse<-xgb,0.8725106287760124,0.7716666666666666,73.0,17.0,0.7583333333333333
sin-abs-prod(8d),sparse<-xgb,0.9044249272767957,0.7716666666666666,14.0,3.0,0.765
sin-abs-prod(8d),sparse<-xgb,0.876188744685612,0.79,29.0,6.0,0.7666666666666667
sin-abs-prod(8d),gp<-xgb,0.7966267621391812,0.75,53.0,,0.8033333333333333
sin-abs-prod(8d),teacher_mlp,0.9521565227120161,0.8816666666666667,,,
sin-abs-prod(8d),sparse<-mlp,0.8966631237413292,0.7966666666666666,19.0,4.0,0.7616666666666667
sin-abs-prod(8d),sparse<-mlp,0.9047046319087043,0.805,14.0,3.0,0.77
sin-abs-prod(8d),gp<-mlp,0.8399110539270531,0.7266666666666667,110.0,,0.7016666666666667
