series,method,complexity,one_rmse,one_smape,rec_rmse,rec_smape
airline,seasonal_naive,1.0,49.98666488841466,11.166612762539101,76.99458855443457,17.012625361650954
airline,holt_winters,,,,40.99681170853905,8.430453749151873
airline,teacher_xgb,,87.64227524730747,13.400902677120053,87.03295013538539,13.050778811296446
airline,sym[labels],665.0,20.643716202120704,3.448328488826973,32.71004948812868,6.18260555739579
airline,sym[distill]<-xgb,645.0,19.84336349563674,3.3284761345870995,32.41874083688278,5.99765148007956
airline,teacher_mlp,,85.81334347397664,17.219615479740824,116.6205055538411,25.42255354165463
airline,sym[distill]<-mlp,77.0,31.726654312261466,5.624221770352746,47.46090172247569,8.427739259157068
carsales,seasonal_naive,1.0,1997.7318075757817,9.87423418661823,2081.7262468121658,8.637487222341482
carsales,holt_winters,,,,2312.6227556971667,11.162007119098504
carsales,teacher_xgb,,2320.8068818852776,10.590322129799606,3068.3595354302306,15.211186180728001
carsales,sym[labels],8.0,2125.630704142992,10.355913881301866,2453.222066228098,12.137838215367418
carsales,sym[distill]<-xgb,8.0,2125.630137100456,10.355942872060352,2453.2260050116033,12.137886842970797
carsales,teacher_mlp,,2116.4639762301517,10.135632453095793,2420.7827340179247,11.18484952251318
carsales,sym[distill]<-mlp,8.0,2119.254485188093,10.35270828923451,2447.6099559067457,12.126546416033161
co2,seasonal_naive,1.0,1.3740113870221966,0.35581095235204147,2.0664893237081996,0.5100121773074087
co2,holt_winters,,,,0.33397537715947556,0.07890400544325664
co2,teacher_xgb,,5.18648029740778,1.3263392719356504,4.929072411645205,1.2611100060781053
co2,sym[labels],179.0,0.3009045321280554,0.06619075846927436,0.3780024140497381,0.08262369526964167
co2,sym[distill]<-xgb,179.0,0.3036304525206851,0.06754826044406749,0.39386068348664366,0.08604560232967276
co2,teacher_mlp,,5.188701408244373,1.3828896663188797,8.791171877286528,2.3425073440191424
co2,sym[distill]<-mlp,48.0,1.0235056304498942,0.26043229477458096,5.222993065473657,1.2982814538158236
sunspots,seasonal_naive,1.0,48.12657443312028,33.76342461282714,56.60815901145935,45.600582701928175
sunspots,holt_winters,,,,41.41351416016002,30.415360586624608
sunspots,teacher_xgb,,28.380433465189338,19.156121731776043,46.10113631468655,34.1758491333435
sunspots,sym[labels],42.0,24.768857102750278,17.80856194594694,40.004028598501534,28.92009673990042
sunspots,sym[distill]<-xgb,42.0,24.781755183286077,17.8222266162033,40.001176304935036,28.930598898077953
sunspots,teacher_mlp,,24.46503676701616,15.292562162508263,50.86201307183483,31.351557973826715
sunspots,sym[distill]<-mlp,42.0,24.672872117955823,17.711037282625202,40.19139618263537,28.73337769540064
