series,teacher,terms,val_rmse,fused_nodes,te_one_smape,te_rec_smape
airline,xgb,1,33.42173724244047,8,13.56731814878234,16.71842599169217
airline,xgb,2,34.89856840285918,14,13.332348668693248,18.40098248492462
airline,xgb,3,26.38492190631996,26,2.844763722814846,3.3777916580264487
airline,xgb,5,22.101394416714914,40,2.8372717573610986,3.291461660764925
airline,xgb,8,20.066030378623648,80,3.14259907357635,3.496054133073027
airline,xgb,13,18.29352109941808,182,3.2770333282040105,3.4445338091514794
airline,xgb,16,19.782394360218063,232,3.2648354445135688,3.7371721292121083
airline,xgb,19,17.731353689927392,264,2.694151685740141,2.985359529647785
airline,xgb,17,17.527286629860146,226,2.9157256666609577,3.1297478552391316
airline,xgb,21,16.00363415147377,290,2.885715957990268,3.1182468938139585
airline,xgb,21,17.12036195694469,291,2.4969860948967204,2.593487433832711
airline,xgb,24,15.863339441589487,342,2.327943369960388,3.1382028084218603
airline,xgb,25,15.349964016621024,347,2.410668455673036,2.72369489879641
airline,xgb,29,15.264822253337844,415,2.333167972372143,2.598116847556016
airline,xgb,32,15.233905646862933,478,2.4433809563828772,2.897741087583457
airline,xgb,35,16.319324008528483,534,2.5264126416711234,3.0319628737281685
airline,xgb,37,15.642436144022605,574,2.8221364030432747,3.215391386440795
airline,xgb,42,13.235115250352694,645,3.3284761345870995,5.99765148007956
airline,xgb,46,12.421560049486546,729,3.3905214597565383,4.937872438243764
airline,xgb,50,12.649310969839755,839,3.522764418259334,5.011458997902072
airline,mlp,1,33.88419548706306,8,13.79174475879077,16.99979771624027
airline,mlp,2,35.258666303008745,14,13.56009995128222,18.607169495080512
airline,mlp,3,20.63191328608531,26,4.386932224645634,5.692522319517676
airline,mlp,7,16.525505157018614,77,5.624221770352746,8.427739259157068
airline,mlp,9,16.36498139291297,111,6.141573863260837,9.889041738111008
airline,mlp,10,16.727242092086115,131,6.30034004498287,10.785652605696223
airline,mlp,14,16.41864727522136,188,6.635063108012903,12.190336837441745
airline,mlp,13,16.410992086765493,162,6.960051117538379,12.961507553032083
airline,mlp,20,17.816841512168928,276,6.504539242242474,12.959540679351056
airline,mlp,19,17.32466477671155,258,6.474316433957338,12.924217385796673
airline,mlp,20,17.318235173466437,265,6.250042743346514,12.978471322395038
airline,mlp,21,17.23421504347311,284,6.332163829583442,12.84369941161995
airline,mlp,22,17.372603680195887,296,6.3674274157930535,12.656825772069622
airline,mlp,26,17.993227040941807,371,7.0377163815670025,15.226294858033645
airline,mlp,26,18.011688114686873,378,7.046898479362287,15.315242330625365
airline,mlp,29,18.19145098144936,422,7.204941022049134,15.85815690074502
airline,mlp,29,18.184494894768928,443,7.1514502221356535,15.70691543129192
airline,mlp,32,17.98251171650027,479,7.19803462405718,15.715316339634361
airline,mlp,37,18.120554222513192,572,7.249919839893429,16.11782407351211
airline,mlp,41,18.059949171259582,639,7.441815112180923,17.262451585569263
carsales,xgb,1,1776.2619936625747,8,10.355942872060352,12.137886842970797
carsales,xgb,2,1807.456076260861,27,9.417940906089843,9.273369391625435
carsales,xgb,4,1658.7404235583758,40,9.220828717943409,8.527545037158141
carsales,xgb,9,2079.142246798372,111,11.377065336080888,13.795325228750002
carsales,xgb,12,1711.928324398602,184,9.685521282674094,12.303302768851543
carsales,xgb,14,1899.2392511798803,201,11.208293343334958,15.685831442927652
carsales,xgb,15,1999.5561455165514,234,11.069248922265183,17.127786314019954
carsales,xgb,21,2365.7418827067427,305,13.91751529363661,14.358048457658443
carsales,xgb,22,2542.4569322639363,331,15.63803963340757,17.193650930711655
carsales,xgb,25,3227.591255883664,380,23.833111887888137,23.978570132560638
carsales,xgb,25,3746.138279036497,372,29.090817703557736,24.90885374834391
carsales,xgb,30,3459.0177282939217,460,26.65662587084856,39.83794411299596
carsales,xgb,31,2894.429504731655,490,18.86205462584216,74.38985385789282
carsales,xgb,33,4716.96577530179,523,27.5849716476205,127.42731101740424
carsales,xgb,37,6108.425587535543,606,36.53739565295413,159.1644615650766
carsales,xgb,40,6521.893055757916,651,38.13622123929877,97.52891313062747
carsales,xgb,44,10852.078857377888,706,56.52930567080104,135.7738211993926
carsales,xgb,47,10626.777815387433,799,58.67645569063525,141.2786802442027
carsales,xgb,50,11413.959442129126,844,60.03963802889266,159.52310585491912
carsales,xgb,54,11696.011097733373,925,57.271086408845065,165.008614566026
carsales,xgb,56,12334.206872178098,964,57.55927170130707,174.1114364543242
carsales,mlp,1,1774.5664229241863,8,10.35270828923451,12.126546416033161
carsales,mlp,2,1807.2622314973303,27,9.392869508000066,9.271581966420028
carsales,mlp,3,1719.8516517470453,34,9.224558392569305,8.041903822768786
carsales,mlp,4,1658.4177802727056,40,9.198550842699749,8.460779211200336
carsales,mlp,7,1800.2847691086201,73,8.342344821334454,8.869797595645505
carsales,mlp,9,1790.2360255154476,118,8.960421272327974,11.032493818244792
carsales,mlp,11,1821.7480531156045,144,9.340553704611597,11.883538404819898
carsales,mlp,16,1795.7175289017346,225,9.49485175538616,12.2370981073797
carsales,mlp,19,1937.177616677037,284,10.048618638740624,12.143506736276725
carsales,mlp,22,1933.3926417052278,316,10.51334835854873,12.784957803557043
carsales,mlp,27,2003.236781150681,395,11.000428507118443,14.13422286506437
carsales,mlp,32,2100.0228314121337,476,11.205537246386436,13.186003932724413
carsales,mlp,32,2315.057758994232,481,14.141739360699868,17.60430044432432
carsales,mlp,34,2451.0927033861203,513,14.192303744442764,17.76197469222434
carsales,mlp,38,2905.894277913388,582,15.372489277980764,21.23905948892042
carsales,mlp,38,2722.778531609392,583,14.040082467322021,20.557387149513044
carsales,mlp,40,2940.7016496419033,632,17.416107541165218,21.69348308771554
carsales,mlp,43,3247.4296543187556,680,15.86213490594954,21.121684518443118
carsales,mlp,46,3675.052512081962,738,15.341353198413593,21.916152488299765
carsales,mlp,48,4083.5255448735247,776,17.406729162092653,24.713007841908183
co2,xgb,1,1.5017936697163508,8,0.39645201440980277,2.330232886092251
co2,xgb,3,1.0412871158543586,21,0.2760816266976713,1.270213153761305
co2,xgb,5,0.4369029550572541,40,0.07658659897916781,0.09324579576525083
co2,xgb,7,0.36702804015799384,67,0.06597538857829835,0.08075095211968855
co2,xgb,8,0.3547895547737135,85,0.0569504988994073,0.05886490871165709
co2,xgb,14,0.30830890441139536,179,0.06754826044406749,0.08604560232967276
co2,xgb,17,0.33601839008159845,231,0.06822818766486263,0.07996900949609201
co2,xgb,23,0.3195967642056934,332,0.07763276384144895,0.09608820089736471
co2,mlp,1,1.4728028974462992,8,0.38933815574261676,2.239437778108694
co2,mlp,3,1.0023071342012695,21,0.26386268254737255,1.2196768028518075
co2,mlp,5,0.9107718901755377,48,0.26043229477458096,1.2982814538158236
co2,mlp,6,0.8856074138144483,55,0.26365814152346845,1.340909466672472
co2,mlp,7,0.8874420533374148,75,0.2657325386816376,1.49224701805686
co2,mlp,8,1.1848947654829745,87,0.37361544828470317,1.9068550133759343
co2,mlp,10,1.1736981711887982,119,0.3674624185565474,1.8676235342729046
co2,mlp,11,1.1707707450989326,139,0.36738785645100086,1.8670048630075962
co2,mlp,14,1.2622657385761575,197,0.39021764043899665,1.6087713480758639
co2,mlp,16,1.263968763292392,222,0.39777241497250077,1.6599155869132933
co2,mlp,15,1.2570413241868217,203,0.38880286527498664,1.558223142233268
co2,mlp,17,1.0438731340114382,227,0.4109841779778516,4.1510781489671205
co2,mlp,18,1.023465594963269,245,0.40954890215528655,5.117729419595492
co2,mlp,19,1.0511716272678704,252,0.41283450795277554,4.076339317956768
co2,mlp,18,1.0472167072322445,233,0.4115135091441873,4.081822539842578
sunspots,xgb,1,20.57360013585688,16,23.639487182468557,32.2834283142438
sunspots,xgb,2,20.651948560291302,22,23.28431445153564,32.2437928763595
sunspots,xgb,3,16.45606431859775,42,17.8222266162033,28.930598898077953
sunspots,xgb,5,16.557035672522407,86,16.962424046379425,28.961600155488615
sunspots,xgb,6,16.584215847144073,104,16.86811419239758,28.979671632663518
sunspots,xgb,7,16.70789213348401,122,16.860971113890415,28.986227281469656
sunspots,xgb,10,17.224498757080816,179,16.9856865682806,29.201566432934932
sunspots,xgb,11,17.068866251142474,185,17.09805964463726,29.417106175248147
sunspots,xgb,14,17.36284418283474,223,17.063410921097546,29.501236656671914
sunspots,xgb,15,17.470917820059867,237,17.02406419759295,29.471771673558024
sunspots,xgb,15,17.376958234514127,238,16.673112283130163,29.303088758715095
sunspots,xgb,17,17.32329817907631,264,16.433826888980313,28.860684061293572
sunspots,xgb,25,17.496152775757075,406,16.278128286040413,28.526637835021766
sunspots,xgb,30,17.042182257625715,475,16.417486749369218,28.416180634109768
sunspots,xgb,34,17.587282429497236,549,16.404857913486477,28.4284487200266
sunspots,xgb,35,17.663238711212063,567,16.329906538361563,28.3939716448811
sunspots,xgb,38,17.91502311606869,610,16.42592488159486,28.349768902997223
sunspots,xgb,44,17.988891221905355,715,16.400125255624143,28.41520001213152
sunspots,xgb,50,17.471827640363145,822,16.412434681084143,28.52189829511895
sunspots,xgb,50,17.5572803033545,829,16.437557783013187,28.51994926591758
sunspots,xgb,52,18.121887272398133,891,16.358446359299755,28.544775801922523
sunspots,xgb,53,18.203882368384402,909,16.37620824032296,28.56788586786055
sunspots,xgb,57,18.21727023822651,1000,16.398960746721567,28.55759001989757
sunspots,mlp,1,20.695051010111644,16,23.37721404629981,31.925585571494302
sunspots,mlp,2,20.83294870663084,22,22.97511801105279,31.880877445920298
sunspots,mlp,3,16.92698875805032,42,17.711037282625202,28.73337769540064
sunspots,mlp,4,17.075400556565295,68,16.937990370639316,28.43400544219038
sunspots,mlp,6,17.072613495095517,104,16.771002664657672,28.779005848770982
sunspots,mlp,7,17.284276917020687,124,16.69397241940582,29.069981284179054
sunspots,mlp,10,17.812965800480686,187,16.897334534526344,29.21212631723373
sunspots,mlp,11,17.481928991319034,195,16.555465702062623,29.235022509183363
sunspots,mlp,14,17.867668455915503,206,16.723765607288144,29.413658193552028
sunspots,mlp,18,17.80492382832607,259,16.798370484390325,29.447180846072722
sunspots,mlp,21,18.0049638743231,313,16.793384346436728,29.395232328952325
sunspots,mlp,23,17.799960730338395,338,16.501727863478845,28.639540304559574
sunspots,mlp,23,17.798640284555763,339,16.62015109431619,28.46051421548328
sunspots,mlp,27,17.425032861763796,395,16.685502658578034,28.4231356953326
sunspots,mlp,31,17.665117062757673,477,16.6972704449481,28.38983580765146
sunspots,mlp,36,17.807653255633834,572,16.748321751669035,28.378311544514883
sunspots,mlp,39,17.812460597823343,627,16.668970988752253,28.349896161695654
sunspots,mlp,44,17.945777138558775,719,16.677558213517386,28.376816315207932
sunspots,mlp,49,18.257932746067514,812,16.659801805753148,28.296974111810584
sunspots,mlp,50,17.610833653450786,810,16.678762054133564,28.215701724292146
sunspots,mlp,49,17.593405603287085,798,16.693292690851155,28.233543567045043
sunspots,mlp,50,17.742912654726563,826,16.712660679826563,28.21473845473841
sunspots,mlp,50,17.669971412435697,832,16.684147452918875,28.220227967406675
